Index,1,2,3,4,5,6,7,8,9,10,11,12,13,14,15,16,17,18,19,20,21,22,23,24,25,26,27,28,29,30,31,32,33,34,35,36,37,38,39,40,41,42,43,44,45,46,47,48,49,50,51,52,53,54,55,56,57,58,59,60,61,62,63,64,65,66,67,68,69,70,71,72,73,74,75,76,77,78,79,80,81,82,83,84,85,86,87,88,89,90,91,92,93,94,95,96,97,98,99,100,101,102,103,104,105,106,107,108,109,110,111,112,113,114,115,116,117,118,119,120,121,122,123,124,125,126,127,128,129,130,131,132,133,134,135,136,137,138,139,140,141,142,143,144,145,146,147,148,149,150,151,152,153,154,155,156,157,158,159,160,161,162,163,164,165,166,167,168,169,170,171,172,173,174,175,176,177,178,179,180,181,182,183,184,185,186,187,188,189,190,191,192,193,194,195,196,197,198,199,200,201,202,203,204,205,206,207,208,209,210,211,212,213,214,215,216,217,218,219,220,221,222,223,224,225,226,227,228,229,230,231,232,233,234,235,236,237,238,239,240,241,242,243,244,245,246,247,248,249,250,251,252,253,254,255,256,257,258,259,260,261,262,263,264,265
Cell Type,Excitatory cortex/HC,Excitatory cortex/HC,Excitatory cortex/HC,Excitatory cortex/HC,Excitatory cortex/HC,Excitatory cortex/HC,Excitatory cortex/HC,Excitatory cortex/HC,Excitatory cortex/HC,Excitatory cortex/HC,Excitatory cortex/HC,Excitatory cortex/HC,Excitatory cortex/HC,Excitatory cortex/HC,Excitatory cortex/HC,Excitatory cortex/HC,Excitatory cortex/HC,Excitatory cortex/HC,Excitatory cortex/HC,Excitatory cortex/HC,Excitatory cortex/HC,Excitatory cortex/HC,Excitatory cortex/HC,Excitatory cortex/HC,Dentate Gyrus,Dentate Gyrus,MSN,MSN,MSN,MSN,MSN,MSN,NBL,NBL,NBL,NBL,NBL,Olfactory Bulb,Olfactory Bulb,Olfactory Bulb,Olfactory Bulb,Olfactory Bulb,Olfactory Bulb,Olfactory Bulb,Olfactory Bulb,Olfactory Bulb,Inhibitory cortex/HC,Inhibitory cortex/HC,Inhibitory cortex/HC,Inhibitory cortex/HC,Inhibitory cortex/HC,Inhibitory cortex/HC,Inhibitory cortex/HC,Inhibitory cortex/HC,Inhibitory cortex/HC,Inhibitory cortex/HC,Inhibitory cortex/HC,Inhibitory cortex/HC,Inhibitory cortex/HC,Inhibitory cortex/HC,Inhibitory cortex/HC,Inhibitory cortex/HC,Inhibitory cortex/HC,Inhibitory cortex/HC,Inhibitory cortex/HC,Inhibitory cortex/HC,cholinergic/monoaminergic,cholinergic/monoaminergic,cholinergic/monoaminergic,cholinergic/monoaminergic,cholinergic/monoaminergic,cholinergic/monoaminergic,cholinergic/monoaminergic,cholinergic/monoaminergic,cholinergic/monoaminergic,cholinergic/monoaminergic,cholinergic/monoaminergic,cholinergic/monoaminergic,cholinergic/monoaminergic,cholinergic/monoaminergic,cholinergic/monoaminergic,cholinergic/monoaminergic,peptidergic,peptidergic,peptidergic,peptidergic,peptidergic,peptidergic,peptidergic,peptidergic,peptidergic,peptidergic,peptidergic,peptidergic,peptidergic,peptidergic,peptidergic,spinal cord inhibitory,spinal cord inhibitory,spinal cord inhibitory,spinal cord inhibitory,spinal cord inhibitory,spinal cord inhibitory,spinal cord inhibitory,spinal cord inhibitory,spinal cord inhibitory,spinal cord inhibitory,spinal cord excitatory,spinal cord excitatory,spinal cord excitatory,spinal cord excitatory,spinal cord excitatory,spinal cord excitatory,spinal cord excitatory,spinal cord excitatory,spinal cord excitatory,spinal cord excitatory,spinal cord excitatory,di-/mes-encphalon excitatory,di-/mes-encphalon excitatory,di-/mes-encphalon excitatory,di-/mes-encphalon excitatory,di-/mes-encphalon excitatory,di-/mes-encphalon excitatory,di-/mes-encphalon excitatory,di-/mes-encphalon excitatory,di-/mes-encphalon excitatory,di-/mes-encphalon excitatory,di-/mes-encphalon excitatory,di-/mes-encphalon excitatory,di-/mes-encphalon excitatory,di-/mes-encphalon excitatory,di-/mes-encphalon excitatory,di-/mes-encphalon excitatory,di-/mes-encphalon excitatory,di-/mes-encphalon excitatory,di-/mes-encphalon excitatory,di-/mes-encphalon excitatory,di-/mes-encphalon excitatory,di-/mes-encphalon excitatory,di-/mes-encephalon inhibitory,di-/mes-encephalon inhibitory,di-/mes-encephalon inhibitory,di-/mes-encephalon inhibitory,di-/mes-encephalon inhibitory,di-/mes-encephalon inhibitory,di-/mes-encephalon inhibitory,di-/mes-encephalon inhibitory,di-/mes-encephalon inhibitory,di-/mes-encephalon inhibitory,di-/mes-encephalon inhibitory,di-/mes-encephalon inhibitory,di-/mes-encephalon inhibitory,di-/mes-encephalon inhibitory,di-/mes-encephalon inhibitory,di-/mes-encephalon inhibitory,hindbrain,hindbrain,hindbrain,hindbrain,hindbrain,hindbrain,hindbrain,hindbrain,hindbrain,hindbrain,hindbrain,hindbrain,hindbrain,hindbrain,hindbrain,cerebellum,cerebellum,cerebellum,cerebellum,cerebellum,NBL,NBL,NBL,NBL,NBL,enteric,enteric,enteric,enteric,enteric,enteric,enteric,enteric,enteric,symapthetic,symapthetic,symapthetic,symapthetic,symapthetic,symapthetic,symapthetic,sensory,sensory,sensory,sensory,sensory,sensory,sensory,sensory,sensory,sensory,sensory,sensory,sensory,sensory,sensory,sensory,sensory,oligodendrocyte,oligodendrocyte,oligodendrocyte,oligodendrocyte,oligodendrocyte,oligodendrocyte,oligodendrocyte,oligodendrocyte,oligodendrocyte,astroependymal,astroependymal,astroependymal,astroependymal,astroependymal,astroependymal,astroependymal,astroependymal,astroependymal,astroependymal,astroependymal,astroependymal,astroependymal,astroependymal,PNS glia,PNS glia,PNS glia,PNS glia,PNS glia,PNS glia,PNS glia,PNS glia,PNS glia,PNS glia,PNS glia,PNS glia,PNS glia,vascular,vascular,vascular,vascular,vascular,vascular,vascular,vascular,vascular,vascular,microglia,microglia,microglia,microglia,microglia
Cell identifier,TEGLU1,TEGLU3,TEGLU2,TEGLU20,TEGLU11,TEGLU12,TEGLU10,TEGLU9,TEGLU8,TEGLU7,TEGLU6,TEGLU13,TEGLU14,TEGLU5,TEGLU16,TEGLU15,TEGLU17,TEGLU18,TEGLU19,TEGLU22,TEGLU21,TEGLU4,TEGLU24,TEGLU23,DGGRC1,DGGRC2,MSN1,MSN2,MSN3,MSN4,MSN5,MSN6,DETPH,DGNBL2,DGNBL1,SZNBL,OBNBL3,OBINH1,OBINH5,OBINH2,OBINH3,OBINH4,OBNBL4,OBNBL5,OBDOP,OBINH6,DEINH1,DEINH2,TEINH17,TEINH18,TEINH19,TEINH21,TEINH16,TEINH15,TEINH14,TEINH20,TEINH13,TEINH12,TEINH9,TEINH10,TEINH11,TEINH4,TEINH5,TEINH8,TEINH7,TEINH6,TECHO,DECHO1,HBCHO4,HBCHO3,HBADR,HBNOR,HYPEP7,HYPEP6,MEGLU14,MBDOP1,MBDOP2,HBSER1,HBSER2,HBSER3,HBSER5,HBSER4,TEINH3,TEINH2,DEINH4,DEINH5,HYPEP3,HYPEP1,HYPEP2,MEINH14,DEINH6,DEINH8,DEINH7,HYPEP5,HYPEP4,HYPEP8,SCINH11,SCINH10,SCINH9,SCINH8,SCINH7,SCINH6,SCINH5,SCINH4,SCINH3,HBINH9,SCINH2,SCGLU1,SCGLU2,SCGLU3,SCGLU4,SCGLU5,SCGLU6,SCGLU7,SCGLU8,SCGLU9,SCGLU10,HBGLU10,HBGLU3,HBGLU2,MEGLU2,MEGLU3,DEGLU5,MEGLU1,MEGLU7,MEGLU8,MEGLU9,MEGLU10,MEGLU11,MBCHO1,MEGLU6,MEGLU5,MEGLU4,CR,DECHO2,HBGLU1,DEGLU1,DEGLU2,DEGLU3,DEGLU4,MEINH12,MEINH11,MEINH10,MEINH9,MEINH5,MEINH6,MEINH7,MEINH4,MEINH3,HBINH5,MEINH2,DEINH3,TEINH1,MEINH13,MEINH8,HBINH1,HBINH3,HBINH4,HBINH6,HBINH2,HBCHO1,HBCHO2,HBGLU4,HBGLU5,HBGLU6,HBGLU7,HBGLU8,HBGLU9,HBINH7,HBINH8,SCINH1,CBINH2,MEINH1,CBINH1,CBPC,CBGRC,CBNBL2,CBNBL1,SEPNBL,OBNBL1,OBNBL2,ENT1,ENT2,ENT3,ENT4,ENT5,ENT6,ENT7,ENT8,ENT9,SYNOR1,SYNOR2,SYNOR3,SYNOR4,SYNOR5,SYCHO2,SYCHO1,PSPEP8,PSPEP7,PSPEP6,PSPEP5,PSPEP2,PSPEP4,PSPEP3,PSPEP1,PSNF3,PSNF2,PSNF1,PSNP1,PSNP2,PSNP3,PSNP4,PSNP5,PSNP6,COP1,COP2,NFOL2,NFOL1,MFOL2,MFOL1,MOL1,MOL2,MOL3,CHOR,HYPEN,EPSC,EPEN,EPMB,RGDG,RGSZ,ACTE1,ACTE2,ACOB,ACNT1,ACNT2,ACMB,ACBG,OEC,OPC,SCHW,SATG2,SATG1,ENTG1,ENTG2,ENTG3,ENTG4,ENTG5,ENTG6,ENTG7,ENMFB,ABC,VLMC2,VLMC1,VECA,PER3,VSMCA,PER1,PER2,VECC,VECV,PVM1,PVM2,MGL3,MGL2,MGL1
Zdhhc1,0.0615,0.0521,0.0722,0.018,0.0669,0.0564,0.0892,0.049,0.0606,0.0532,0.0414,0.0467,0,0.0314,0.0974,0.101,0.048,0.0618,0.0668,0.0507,0.0762,0.082,0.0345,0.047,0.0302,0.0304,0.0251,0.038,0.0279,0.0275,0.0267,0.00383,0,0.0315,0.0187,0.0102,0.0154,0.0364,0.0282,0.0412,0.0352,0.0362,0.0095,0.017,0.048,0.0531,0.0583,0.0771,0.0631,0.0906,0.0733,0.0282,0.0784,0.0473,0.0446,0.0784,0.0607,0.0884,0.0734,0.0801,0.0825,0.0169,0.0463,0.0174,0.0437,0.0409,0.0982,0.0609,0.0762,0.11,0.0495,0.0861,0.152,0.0619,0.105,0.0869,0.0628,0.0849,0.0363,0.0682,0.108,0.151,0.0342,0.0517,0.0174,0.0385,0.0651,0.0363,0.069,0.0471,0,0.00818,0.0108,0.0343,0.0404,0,0.0396,0.0913,0.0117,0.0227,0.0279,0.0455,0.045,0.0535,0.045,0.0202,0.135,0.019,0.0446,0.0319,0.0165,0.0314,0.0424,0,0,0.0257,0.0437,0.0124,0.037,0.0792,0.0737,0.0362,0.0675,0.049,0.0286,0.0519,0.0611,0.0544,0.107,0.0639,0.0762,0.0669,0.0582,0.143,0.0622,0.209,0.0552,0.0616,0.0391,0.0981,0.0808,0.0294,0.0512,0.0347,0.0515,0.105,0.0574,0.0672,0.0576,0.066,0.0987,0.0797,0.0653,0.0282,0.0837,0,0.0936,0.0924,0.0958,0.135,0,0.18,0.283,0.145,0.0785,0.122,0.27,0.102,0.0792,0.18,0.055,0,0,0.0329,0.0236,0.0102,0.00673,0.0425,0.0424,0.0356,0.0352,0.212,0.213,0.179,0.185,0.107,0.201,0.192,0.153,0.182,0.133,0.144,0.148,0.207,0.129,0.145,0.33,0.177,0.0154,0.0367,0.066,0.097,0.0931,0.0754,0.114,0.0958,0.226,0.026,0.179,0.138,0.194,0.154,0.135,0.12,0.0187,0.00396,0.011,0.0276,0.0401,0.0194,0.0243,0.0243,0.0412,0.102,0.125,0.16,0.32,0.0717,0.0393,0.0288,0.0276,0.0207,0.0379,0.0181,0.0359,0.062,0.0257,0.0994,0.0242,0,0.056,0,0.121,0.0725,0.0593,0.0698,0.103,0.083,0.134,0.222,0.0651,0.0449,0.0268,0.0726,0.179,0.0389,0.13,0.175,0.0512,0.0363,0.0029,0.00158,0.00673,0.00488,0.00396
Zdhhc2,0.21,0.267,0.511,0.381,0.213,0.314,0.457,0.511,0.638,0.203,0.121,0.34,0.657,0.2,0.622,0.464,0.292,0.245,0.257,0.146,0.48,0.518,0.445,0.324,0.073,0.0222,0.143,0.127,0.124,0.143,0.0699,0.0318,0,0.0222,0,0.0445,0.0318,0.114,0.124,0.0794,0.0508,0.00953,0.00635,0.0286,0.0254,0.0349,0.635,0.778,0.264,0.426,0.457,0.292,0.216,0.156,0.216,0.289,0.343,0.962,0.394,0.54,1.61,0.251,0.191,0.0349,0.102,0.264,0.902,1.39,0.807,5.43,0.924,0.696,1.08,0.877,1.79,0.279,1.51,0.772,1.2,0.597,1.41,1.7,0.318,0.137,0.299,0.257,0.264,0.273,0.257,0.286,0.0826,0.0508,0.105,0.149,0.419,0.867,0.121,0.0762,0.0476,0.0222,0.156,0.162,0.137,0.245,0.0921,0.368,0.0953,0.0762,0.203,0.257,0.302,0.232,0.102,0.0349,0.0667,0.0191,0.0159,0.2,0.346,0.715,0.295,0.235,0.219,0.27,0.289,0.286,0.314,0.318,0.461,0.629,0.705,0.124,0.0667,0.0572,0.0953,0.308,0.584,0.635,0.486,0.318,0.203,0.168,0.219,0.121,0.105,0.426,0.118,0.216,0.286,0.483,0.235,0.286,0.432,0.33,0.0127,0.232,0.133,0.254,0.727,0.727,0.6,0.365,0.286,0.216,0.368,0.299,0.908,0.422,0.159,0.0921,0,0,0,0.0159,0.0349,0.0476,0.0159,0.0603,0.0413,0.308,0.0222,2.65,2,1.38,1.52,0.696,1.04,2.19,1.6,2.9,1.03,0.854,1.15,2.22,1.11,1.19,1.07,0.858,0.235,0.426,0.934,3,0.683,4.33,2.64,4.58,1.31,5.42,7.94,5.24,4.51,3.76,3.94,2.01,0.181,0.67,0.448,0.26,0.0794,0.102,0.054,0.0794,0.0921,0.00635,0,0.0445,0.0762,0,0.00635,0.0127,0.0159,0.00953,0.00953,0.0159,0.0762,0.105,0.0191,0.238,0.257,0.448,0.581,0.6,1.1,0.584,0.588,0.616,1.35,1.26,1.12,0.184,0.102,0.0159,0,0.0445,0.00318,0.0159,0.00953,0.00953,0.00953,0.00318,0.0127,0.0127,0.00635,0.00953,0.00318
Zdhhc3,0.287,0.384,0.509,0.51,0.474,0.418,0.693,0.496,0.42,0.38,0.285,0.607,0.945,0.604,0.69,0.662,0.45,0.511,0.427,0.314,0.771,0.537,0.385,0.604,0.177,0.124,0.227,0.177,0.139,0.151,0.146,0.0613,0.143,0.12,0.126,0.152,0.0796,0.111,0.0923,0.123,0.0868,0.0732,0.0915,0.0987,0.173,0.215,0.304,0.384,0.34,0.434,0.439,0.271,0.414,0.304,0.311,0.49,0.59,0.591,0.284,0.33,0.564,0.235,0.244,0.228,0.221,0.221,0.662,0.65,0.674,1,0.451,0.131,0.0772,0.626,0.32,0.105,0.429,0.467,0.497,0.403,0.517,0.32,0.173,0.208,0.263,0.218,0.251,0.189,0.07,0.239,0.0836,0.142,0.0772,0.0812,0.215,0,0.0398,0.185,0.131,0.0342,0.17,0.288,0.341,0.162,0.137,0.245,0.385,0.347,0.302,0.372,0.162,0.187,0.172,0.201,0.267,0.137,0.221,0.225,0.328,0.526,0.462,0.358,0.322,0.667,0.363,0.279,0.334,0.414,0.35,0.485,1.04,0.442,0.287,0.0995,0.261,0.597,0.516,0.538,0.351,0.298,0.47,0.189,0.356,0.256,0.332,0.362,0.16,0.359,0.443,0.661,0.591,0.462,0.49,0.415,0.183,0,0.174,0.28,0.695,1.37,0.4,0.865,0.859,0.856,0.871,0.823,1.73,0.743,0.841,0.455,0.501,0.353,0.0931,0.0995,0.287,0.0438,0.0478,0.0923,0.3,0.418,0.223,0.644,0.487,0.304,0.317,0.372,0.603,0.549,0.486,0.712,0.661,0.469,0.654,0.633,0.24,0.681,0.935,0.608,0.204,0.482,0.201,0.874,0.608,0.566,1.05,0.905,0.844,0.633,1.22,1.99,1.75,1.2,1.41,1.37,0.189,0.158,0.178,0.23,0.209,0.16,0.139,0.188,0.252,0.0788,0.0454,0.116,0.192,0.0868,0.0677,0.0597,0.0828,0.0509,0.0923,0.0318,0.0732,0.139,0.0772,0.106,0.126,0.427,0.147,0.301,0.32,0.113,0.147,0.162,0.166,0.142,0.128,0.409,0.365,0.115,0.086,0.23,0.0406,0.0605,0.213,0.322,0.205,0.201,0.0462,0.0438,0.0446,0.0581,0.035
Zdhhc4,0.0449,0.0897,0.117,0.255,0.128,0.0854,0.118,0.0744,0.0986,0.157,0.0651,0.213,0.0858,0.103,0.213,0.135,0.144,0.125,0.101,0.132,0.144,0.132,0.15,0.178,0.116,0.0808,0.117,0.084,0.0723,0.0826,0.0751,0.0267,0.143,0.0983,0.0566,0.0968,0.0363,0.0822,0.057,0.0488,0.0495,0.0256,0.0288,0.0449,0.0538,0.0716,0.0797,0.0659,0.0755,0.0876,0.117,0.052,0.0933,0.0684,0.0591,0.122,0.141,0.125,0.0555,0.0758,0.0926,0.031,0.0466,0.0701,0.0883,0.0965,0.165,0.228,0.0769,0.25,0.0498,0.0434,0.0769,0.156,0.192,0.0701,0.0634,0.143,0.165,0.115,0.234,0.125,0.0345,0.0673,0.0527,0.0388,0.0591,0.0787,0.0929,0.143,0,0.0417,0.011,0.0869,0.153,0.2,0.0199,0.138,0.143,0.104,0.112,0.0691,0.136,0.0812,0.152,0.0716,0.0513,0.0384,0.128,0.194,0.172,0.0833,0.0929,0.0335,0.133,0.078,0.103,0.0374,0.0933,0.145,0.131,0.073,0.0659,0.118,0.101,0.0687,0.0986,0.143,0.12,0.0484,0.105,0.0819,0.0883,0.0495,0.0822,0.154,0.123,0.132,0.0719,0.079,0.0203,0.0395,0.0847,0.0548,0.026,0.0427,0.0869,0.0616,0.0698,0.073,0.0758,0.0495,0.0851,0.057,0.0142,0,0.0473,0.0534,0.016,0.136,0,0.0908,0.143,0.192,0.119,0.135,0.0908,0.0826,0.0399,0.182,0,0,0.0466,0.0271,0.0833,0.015,0.0342,0.0552,0.0598,0.108,0.0488,0.357,0.486,0.277,0.323,0.239,0.271,0.387,0.495,0.473,0.701,0.597,0.658,0.89,0.391,0.68,0.533,0.357,0.0936,0.185,0.2,0.441,0.461,0.315,0.654,0.839,0.368,0.553,0.769,0.778,0.867,0.644,0.511,0.47,0.115,0.0748,0.149,0.174,0.19,0.143,0.179,0.151,0.251,0.0918,0.144,0.287,0.235,0.159,0.0918,0.0858,0.0833,0.0737,0.0961,0.0438,0.0762,0.128,0.0858,0.0968,0.0965,0.106,0.153,0.167,0.307,0.104,0.106,0.16,0.135,0.139,0.179,0.265,0.153,0.0908,0.101,0.294,0.191,0.0673,0.183,0.238,0.15,0.152,0.0253,0.0235,0.0239,0.0356,0.0256
Zdhhc5,0.0642,0.0818,0.127,0.0543,0.118,0.0825,0.213,0.108,0.103,0.0808,0.0498,0.164,0.341,0.189,0.195,0.171,0.141,0.135,0.123,0.103,0.115,0.196,0.0903,0.123,0.0142,0.0153,0.031,0.0437,0.035,0.0295,0.024,0.00954,0.142,0.0144,0.00615,0.0195,0.007,0.0225,0.0212,0.0254,0.0102,0.0151,0.00488,0.0172,0.0348,0.0888,0.135,0.208,0.13,0.187,0.181,0.0774,0.116,0.0994,0.0848,0.207,0.25,0.277,0.0674,0.104,0.208,0.0494,0.0687,0.0174,0.0146,0.0685,0.181,0.392,0.306,0.4,0.124,0.13,0.0765,0.0621,0.169,0.0348,0.205,0.265,0.21,0.206,0.264,0.193,0.13,0.0647,0.0348,0.0903,0.118,0.078,0.0231,0.0473,0,0.0496,0.011,0.0575,0.0303,0.0661,0.0199,0,0.0591,0.0114,0.042,0.0458,0.0903,0.0269,0.0452,0.0812,0.0509,0.0572,0.0672,0.0481,0,0.00403,0.007,0,0,0,0.0293,0.0496,0.0371,0.139,0.0799,0.0943,0.124,0.151,0.13,0.0424,0.0818,0.0736,0.0638,0.144,0.202,0.0778,0.0657,0.0178,0.0432,0.172,0.309,0.271,0.172,0.266,0.0812,0.0984,0.0967,0.077,0.0517,0.106,0.101,0.0859,0.154,0.236,0.192,0.228,0.212,0.0284,0.014,0,0.0235,0.0795,0.289,0.361,0.0994,0.452,0.284,0.191,0.237,0.275,0.452,0.184,0.159,0,0.11,0.117,0.0462,0.0346,0.201,0.00636,0.00678,0.0426,0.0681,0.15,0.084,0.142,0.13,0.0706,0.103,0.0958,0.0926,0.064,0.113,0.159,0.215,0.0962,0.107,0.153,0.13,0.239,0.53,0.106,0.031,0,0.0331,0.175,0.0765,0.0865,0.0636,0.0962,0.157,0.157,0.0564,0.0551,0.213,0.11,0.102,0.0903,0.0176,0.0157,0.0549,0.0284,0.0301,0.024,0.021,0.0254,0.021,0.0846,0.0269,0.0121,0.0642,0.0144,0,0.00657,0.022,0.0153,0.0312,0.018,0.0329,0.0231,0.0206,0.024,0.0242,0,0.0229,0.0661,0.0975,0.0263,0.0394,0.0335,0.0403,0.0392,0.0343,0.0405,0.0725,0.0375,0.0284,0.0912,0.0301,0.0178,0.0566,0.0774,0.0223,0.0261,0.0187,0.0187,0.0142,0.0136,0.00996
Zdhhc6,0.1,0.12,0.143,0.128,0.178,0.193,0.203,0.144,0.163,0.214,0.0892,0.15,0.258,0.183,0.181,0.162,0.15,0.167,0.169,0.113,0.164,0.176,0.116,0.189,0.0684,0.0701,0.102,0.0579,0.0605,0.0741,0.0298,0.046,0.287,0.0812,0.063,0.153,0.0488,0.0312,0.0466,0.0508,0.0358,0.0304,0.0386,0.046,0.0676,0.054,0.092,0.102,0.134,0.123,0.143,0.136,0.158,0.105,0.0761,0.0866,0.117,0.194,0.217,0.189,0.161,0.0577,0.0784,0.194,0.177,0.0761,0.274,0.406,0.212,0.237,0.101,0.131,0.232,0.0943,0.0855,0.0176,0.0639,0.153,0.157,0.173,0.157,0.153,0.118,0.0892,0.0352,0.0914,0.0861,0.0946,0.117,0.143,0.168,0.0335,0.0222,0.122,0.0616,0.134,0.0602,0.139,0.0719,0.023,0.127,0.0923,0.114,0.0815,0.0761,0.0511,0.0772,0.0386,0.0983,0.0971,0.0781,0.0477,0.0287,0,0,0.0588,0.0295,0.025,0.113,0.146,0.129,0.0514,0.0872,0.118,0.0727,0.0954,0.0787,0.0599,0.0968,0.211,0.33,0.104,0.103,0.0542,0.151,0.154,0.166,0.289,0.104,0.109,0.205,0.0298,0.119,0.0727,0.0849,0.0642,0.0437,0.0932,0.105,0.165,0.116,0.131,0.16,0.0719,0.113,0,0.0633,0.0804,0.0971,0.228,0.101,0.411,0.287,0.154,0.203,0.252,0.548,0.145,0.0804,0.0914,0.112,0,0,0.0349,0.0477,0.0162,0.0344,0.0554,0.0429,0.094,0.067,0.143,0.16,0.156,0.162,0.0932,0.153,0.13,0.218,0.232,0.528,0.519,0.624,0.668,0.371,0.71,0.335,0.215,0.0784,0.149,0.134,0.236,0.172,0.339,0.154,0.389,0.229,0.291,0.403,0.377,0.551,0.469,0.4,0.403,0.167,0.0753,0.144,0.198,0.157,0.0804,0.0985,0.0753,0.153,0.125,0.108,0.116,0.123,0.0727,0.0951,0.0437,0.0619,0.0403,0.0699,0.0327,0.0443,0.0863,0.0787,0.0807,0.146,0.0213,0.0676,0.101,0.296,0.0628,0.0983,0.0858,0.0835,0.0866,0.105,0.103,0.205,0.144,0.105,0.0829,0.0574,0.0577,0.128,0.202,0.152,0.124,0.0463,0.0582,0.0611,0.0613,0.0608
Zdhhc7,0.0942,0.112,0.204,0.29,0.209,0.157,0.263,0.168,0.145,0.174,0.0684,0.157,0.142,0.119,0.278,0.214,0.23,0.27,0.157,0.158,0.22,0.212,0.155,0.251,0.066,0.0535,0.115,0.0936,0.0672,0.0866,0.0641,0.0362,0,0.0532,0.0562,0.0441,0.0325,0.0255,0.0389,0.0499,0.0392,0.028,0.0286,0.0331,0.0483,0.0176,0.0912,0.113,0.109,0.124,0.109,0.093,0.124,0.0727,0.0803,0.179,0.238,0.157,0.123,0.0994,0.146,0.0587,0.0398,0.035,0.0879,0.048,0.288,0.149,0.268,0.553,0.174,0,0.153,0.311,0.191,0.0699,0.111,0.218,0.201,0.183,0.467,0.235,0.0617,0.0745,0.0872,0.0809,0.138,0.0888,0.116,0.0474,0,0.0249,0.0109,0.0517,0.0611,0.0663,0.0398,0.153,0.0711,0.103,0.0562,0.149,0.204,0.0538,0.0906,0.122,0.0511,0.0575,0.0675,0.0641,0.0386,0.0277,0.0426,0.133,0.0663,0.0389,0.0441,0.0872,0.158,0.134,0.157,0.16,0.0818,0.155,0.108,0.121,0.119,0.116,0.196,0.209,0.251,0.0991,0.0952,0.00912,0.0626,0.23,0.185,0.233,0.179,0.0985,0.142,0.0395,0.0742,0.0398,0.0906,0.106,0.0866,0.0675,0.17,0.218,0.16,0.13,0.185,0.142,0.014,0.306,0.0705,0.0532,0.177,0.634,0.199,0.271,0.142,0.237,0.241,0.199,0.181,0.185,0.119,0.271,0,0.293,0,0.021,0.0356,0.0167,0.0103,0.0304,0.0426,0.172,0.0486,0.285,0.223,0.231,0.135,0.123,0.194,0.482,0.575,0.365,0.288,0.353,0.441,0.542,0.433,0.491,0.266,0.462,0.109,0.111,0.232,0.459,0.247,0.498,0.421,0.642,0.384,0.76,0.473,0.47,0.424,0.598,0.487,0.407,0.32,0.212,0.176,0.229,0.0945,0.0654,0.0593,0.0672,0.106,0.0371,0.0538,0.0432,0.0912,0.0143,0.0243,0.0289,0.0471,0.0447,0.0526,0.0334,0.0426,0.0635,0.0444,0.0416,0.0815,0.148,0.0578,0.199,0.275,0.0587,0.0824,0.0897,0.0809,0.0626,0.0803,0.183,0.0654,0.0572,0.0496,0.0547,0.0635,0.0465,0.119,0.153,0.103,0.101,0.0508,0.0763,0.0605,0.0444,0.0416
Zdhhc8,0.15,0.246,0.391,0.583,0.553,0.604,0.718,0.471,0.601,0.7,0.196,0.512,0.858,0.556,0.787,0.727,0.693,0.597,0.619,0.322,0.731,0.555,0.23,0.382,0.114,0.15,0.192,0.171,0.121,0.121,0.097,0.0666,0,0.0351,0.0253,0.031,0.0119,0.0707,0.0356,0.0934,0.066,0.0537,0.0144,0.0124,0.0485,0.107,0.124,0.144,0.172,0.201,0.183,0.115,0.129,0.114,0.121,0.195,0.246,0.3,0.111,0.158,0.382,0.0991,0.0913,0.0702,0.0738,0.0206,0.513,0.746,0.809,0.89,0.3,0.304,0.462,0.501,0.682,0.175,0.222,0.505,0.744,0.472,0.688,0.639,0.186,0.134,0.175,0.153,0.289,0.131,0.186,0.0475,0.25,0.0248,0.0387,0.261,0.194,0.0666,0.0599,0.139,0.0475,0.0691,0.0284,0.126,0.386,0.0542,0.182,0.0614,0.146,0.173,0.181,0.0805,0.106,0.0753,0.0717,0,0,0.0779,0.133,0.112,0.224,0.265,0.25,0.168,0.23,0.365,0.254,0.177,0.218,0.198,0.253,0.517,0.336,0.157,0.169,0.0361,0.145,0.52,0.416,0.261,0.275,0.337,0.0206,0.0795,0.081,0.0423,0.13,0.17,0.0433,0.179,0.213,0.336,0.302,0.338,0.323,0.128,0.0707,0.0769,0.0789,0.147,0.291,0.682,0.4,0.682,0.143,0.346,0.294,0.375,0.728,0.433,0.12,0.364,0.0557,0.176,0.0232,0.0392,0.203,0.0196,0.0103,0.0304,0.0686,0.259,0.0402,0.429,0.636,0.388,0.291,0.356,0.585,0.646,0.423,0.746,0.279,0.323,0.384,0.555,0.218,0.56,0.601,0.786,0.407,0.352,0.167,0.863,0.462,0.664,0.847,0.872,0.755,0.685,1.03,1.01,1.19,1.29,1.14,0.675,0.0573,0.0826,0.11,0.131,0.115,0.103,0.0789,0.0939,0.0986,0.0459,0.0181,0.08,0.0877,0,0.00929,0.0212,0.047,0.031,0.0578,0.0273,0.0341,0.0733,0.0356,0.032,0.0454,0.234,0.0872,0.0335,0.209,0.0846,0.0918,0.0872,0.143,0.123,0.145,0.204,0.102,0.0485,0.0397,0.128,0.0237,0.0738,0.108,0.131,0.0666,0.0697,0.016,0.0139,0.0181,0.0181,0.0144
Zdhhc9,0.0571,0.157,0.359,0.2,0.18,0.0985,0.243,0.0944,0.118,0.107,0.0555,0.213,0.172,0.152,0.197,0.28,0.147,0.127,0.181,0.0836,0.463,0.231,0.082,0.152,0.0389,0.0232,0.0621,0.0439,0.0182,0.0282,0.0166,0.019,0,0.0323,0.019,0.0124,0.0207,0.0339,0.0248,0.0215,0.0166,0.0257,0.00497,0.0174,0.0431,0.0894,0.0886,0.108,0.0894,0.123,0.102,0.0753,0.0671,0.0712,0.0571,0.144,0.117,0.186,0.0621,0.0911,0.142,0.0936,0.0621,0.0348,0.0298,0.0348,0.265,0.431,0.463,0.488,0.301,0.131,0.154,0.0936,0.234,0.0174,0.143,0.354,0.479,0.242,0.329,0.139,0.0621,0.0339,0.0174,0.0422,0.0397,0.0315,0.0232,0.048,0,0.0166,0.0108,0.0116,0.0207,0,0.0397,0.108,0.0116,0.0687,0.0985,0.138,0.137,0.108,0.106,0.225,0.0596,0.0389,0.0381,0.0811,0.0331,0.0638,0.0141,0,0.0671,0.0323,0,0.0505,0.169,0.115,0.0538,0.0878,0.0397,0.053,0.0505,0.0464,0.0704,0.0621,0.132,0.0969,0.168,0.0679,0.0662,0.0273,0.048,0.289,0.198,0.195,0.142,0.149,0,0.0298,0.0646,0.0505,0.0588,0.0853,0.0439,0.0621,0.105,0.188,0.0737,0.0406,0.082,0.0431,0.0422,0.077,0.0712,0.133,0.275,0.228,0.701,0.41,0,0.239,0.326,0.31,0.455,0.145,0.12,0.546,0,0.0588,0.0232,0.0397,0.119,0.00994,0.00662,0.0124,0.0339,0.144,0.0315,0.286,0.243,0.168,0.0712,0.128,0.212,0.0969,0.279,0.564,0.186,0.21,0.176,0.32,0.283,0.254,0.535,0.214,0.0787,0.0745,0.133,0.511,0.146,0.469,0.566,0.517,0.0704,0.422,0.583,0.417,0.646,0.356,0.205,0.577,0.0994,0.185,0.809,0.86,2.07,1.52,0.991,0.824,0.753,0.156,0.0273,0.0414,0.0596,0.029,0,0.00828,0.0232,0.0257,0.0348,0.0166,0.0306,0.0315,0.0182,0.0108,0.0389,0.0853,0.0157,0,0.0373,0.0282,0.0248,0.0273,0.0265,0.0182,0.0248,0.123,0.0588,0.0364,0.0215,0.11,0.00994,0.0199,0.115,0.158,0.0861,0.0977,0.0389,0.0265,0.0224,0.0174,0.0166
Zdhhc11,0,0,0,0,0,0,0,0,0,0,0,0,0,0,0,0,0,0,0,0,0,0,0.000456,0.00192,0,0.000276,0,0,0,0,0,0,0,0,0,0,0,0,0,0,0,0,0,0,0,0,0,0,0,0,0,0,0,0,0,0,0,0,0,0,0,0,0,0,0,0,0,0,0,0,0,0,0,0,0,0,0,0,0,0,0,0,0,0,0,0,0,0,0,0,0,0,0,0,0,0,0,0,0,0,0,0,0,0,0,0,0,0,0,0,0,0,0,0,0,0,0,0,0,0,0,0,0,0,0,0,0,0,0,0,0,0,0,0,0,0,0,0,0,0,0,0,0,0,0,0,0,0,0,0,0,0,0,0,0,0,0,0,0,0,0,0,0,0,0,0,0,0,0,0,0,0,0,0,0,0,0,0,0,0,0,0,0,0.006,0,0,0,0,0,0,0,0,0,0,0,0.0124,0,0,0,0,0,0,0,0,0,0.03,0,0.0245,0,0,0,0,0.0106,0,0,0,0,0,0,0,0,0,0,0,0,0,0,0,0,0,0,0,0,0,0,0,0,0.000456,0,0,0,0,0,0.0013,0,0.000456,0,0.00115,0,0,0,0,0,0,0,0,0,0,0,0,0,0,0,0,0
Zdhhc12,0.0397,0.0596,0.113,0.109,0.064,0.0464,0.0508,0.0397,0.0237,0.0607,0.00828,0.0469,0.0287,0.0237,0.0166,0.0375,0.0447,0.0668,0.0337,0.0177,0.0861,0.0662,0.0563,0.0723,0.0254,0.0188,0.0767,0.0535,0.0282,0.0414,0.0243,0.0171,0.142,0.0282,0.0315,0.0204,0.0116,0.00828,0.00331,0.0182,0.0116,0.0105,0.00497,0.00938,0.0105,0,0.0149,0.0359,0.016,0.0221,0.0171,0.0259,0.0309,0.016,0.00938,0.0287,0.0304,0.032,0.0248,0.0546,0.0138,0.0121,0.00221,0.0177,0.0293,0.00662,0.0657,0.175,0.096,0.18,0,0.0436,0.23,0.0933,0.085,0.0348,0,0.0569,0.0822,0.0116,0.0155,0.0138,0.00662,0.0171,0.0177,0.0226,0.0199,0.0259,0.0232,0,0,0.0331,0.00552,0.0348,0.0508,0,0.0199,0.0613,0.0353,0,0.126,0.149,0.0226,0.027,0,0.0204,0.00828,0.0193,0,0,0.0386,0.0237,0.0144,0,0,0.0127,0,0,0.0188,0.00994,0.0149,0.0144,0.00442,0.0116,0,0.0259,0.0121,0.0121,0.0199,0.016,0.0348,0,0.00718,0.0132,0.0287,0.0193,0.0177,0.105,0.0431,0.00994,0.0204,0.0397,0.0326,0.0177,0.00662,0,0,0.00607,0.0348,0.00607,0.0149,0.00331,0.0138,0.0425,0.0282,0,0.00773,0,0,0.0453,0,0.0453,0,0.0232,0.0199,0.0293,0.0905,0,0,0,0,0,0,0.00442,0,0.00442,0.00331,0,0,0.0646,0.0442,0.427,0.121,0.064,0.0513,0.0193,0.127,0.161,0.205,0.271,0.925,0.53,0.811,1.38,1.17,0.571,0.598,0.0712,0.0309,0.074,0.266,0.215,0.273,0.173,0.153,0.032,0,0,0.177,0.775,1.23,0.797,0.385,1.19,0.252,0.0629,0.0938,0.362,0.291,0.0684,0.132,0.0734,0.257,0.0872,0.027,0.0265,0.0397,0.0144,0.0304,0.016,0.0287,0.042,0.0574,0.0309,0.0215,0.0221,0.0618,0.0381,0.0569,0.0635,0.0337,0,0.0613,0.0171,0.0353,0.0304,0.0337,0.0403,0.0431,0.0613,0.08,0.0585,0.0171,0.0734,0.00662,0.0193,0.0591,0.096,0.0767,0.0778,0.0364,0.0469,0.0226,0.0259,0.0386
Zdhhc13,0.0297,0.087,0.069,0.0904,0.0775,0.152,0.0735,0.0641,0.0662,0.107,0.0299,0.0784,0.142,0.0869,0.0816,0.0643,0.0558,0.0773,0.0671,0.0321,0.0479,0.0735,0.0553,0.0863,0.0293,0.0226,0.0756,0.0372,0.032,0.0359,0.0188,0.0227,0.142,0.0338,0.05,0.0318,0.0391,0.079,0.0177,0.0188,0.0177,0.015,0.0143,0.0194,0.0295,0,0.0265,0.0299,0.028,0.0327,0.0306,0.0363,0.0355,0.0224,0.0306,0.0431,0.0489,0.0818,0.0675,0.065,0.0558,0.0201,0.0222,0.0525,0.044,0.0481,0.0494,0.0872,0.0573,0.277,0,0,0.153,0.031,0.0635,0,0.0474,0.0948,0.11,0.0457,0.0778,0.0692,0.0274,0.0274,0.035,0.00978,0.0132,0.0209,0,0,0,0.00827,0,0.0346,0.0102,0,0.0199,0,0.0118,0.0229,0,0.0572,0.0226,0.108,0.015,0.0203,0.0256,0.0192,0.0224,0.016,0.0111,0.0355,0.0284,0,0,0.013,0,0.0374,0.0464,0.0697,0.0534,0.0363,0.0117,0.034,0.0216,0.0164,0.0451,0.0333,0.0519,0.0481,0.0626,0.0248,0.0367,0.0224,0.0385,0.134,0.0348,0.0541,0.0241,0.0395,0,0,0.0654,0.0547,0.0453,0.0423,0.0288,0.0306,0.0231,0.0995,0.0237,0.0338,0.0329,0.057,0.0141,0,0.0079,0.0399,0.0963,0.0904,0.0995,0.181,0.284,0.0842,0.142,0.148,0.452,0.103,0.119,0,0,0,0,0.012,0.0118,0.00846,0.0135,0.0182,0.0169,0.0286,0.0177,0.142,0.0837,0.0643,0.0385,0.0615,0.11,0.128,0.185,0.153,0.144,0.128,0.18,0.213,0.216,0.186,0.0664,0.107,0.0622,0.0553,0.0664,0.078,0.0681,0.0974,0.115,0.128,0.105,0.131,0.152,0.47,0.465,0.265,0.192,0.437,0.0585,0.0391,0.0109,0.0186,0.0111,0.0205,0.0154,0.0231,0.0237,0.0543,0,0.0169,0.0258,0,0.00301,0.0079,0.00996,0.0137,0.0186,0.0164,0.00432,0.00696,0.0205,0.0167,0.0256,0.0212,0.0167,0,0.0427,0.0175,0.0359,0.0162,0.0211,0.0196,0.0182,0.0203,0.0944,0.0135,0.00564,0.0182,0,0.00902,0.0117,0.0184,0.00865,0.00714,0.00714,0.0094,0.0179,0.0152,0.0154
Zdhhc14,0.0246,0.11,0.212,0.346,0.226,0.472,0.253,0.143,0.133,0.294,0.0566,0.236,0.2,0.405,0.525,0.21,0.382,0.28,0.259,0.29,0.404,0.162,0.282,0.474,0.0246,0.0508,0.307,0.265,0.179,0.163,0.148,0.0361,0,0.0041,0.00656,0.0115,0.00902,0.0344,0.0139,0.0164,0.0303,0.0107,0.0574,0.0394,0.0353,0.197,0.0353,0.0599,0.0894,0.152,0.0402,0.0935,0.0558,0.0795,0.0549,0.0861,0.0861,0.15,0.0189,0.108,0.2,0.0279,0.0197,0.0353,0.059,0.0205,0.207,0.307,0.173,0.528,0.376,0.13,0.231,0.188,0.128,0.0877,0.064,0.124,0.239,0.0804,0.141,0.348,0.103,0.131,0.123,0.091,0.0722,0.0631,0.023,0.0951,0.0836,0.0336,0.0221,0.0459,0.174,0.134,0.0804,0.0615,0.143,0.0459,0.169,0.334,0.432,0,0.0754,0.133,0.0426,0.0771,0.0681,0.0484,0.0279,0.0754,0.0213,0.0336,0.0664,0.0197,0.148,0.1,0.0279,0.15,0.0508,0.0877,0.082,0.111,0.0508,0.0328,0.0656,0.0549,0.116,0.0648,0.161,0.0459,0.0221,0.0221,0.262,0.558,0.457,0.389,0.203,0.198,0.0615,0.148,0.115,0.0697,0.104,0.171,0.0287,0.0558,0.0467,0.1,0.0763,0.0804,0.115,0.0574,0,0.154,0.0394,0.107,0.371,0.091,0.1,0.136,0.143,0.0541,0.0951,0.2,0,0.196,0.0804,0,0,0.059,0.0467,0.0164,2.05,0.00984,0.00656,0.0246,0.0426,0.0287,0.0041,0.143,0.168,0.135,0.0517,0.0968,0.246,0.0968,0.165,0.154,0.248,0.323,0.248,0.33,0.174,0.334,0.267,0,0.125,0.13,0.0664,0.176,0.0517,0.0656,0.193,0.29,0.194,0.58,0.33,0.264,0.475,0.578,0.171,0.227,0.296,0.276,0.166,0.147,0.287,0.316,0.203,0.22,0.244,0.00902,0,0,0.0131,0,0.00574,0.00246,0.00902,0.0123,0.0107,0.0139,0.0172,0.0139,0.0197,0.00164,0.0607,0.064,0.0336,0.0336,0.00574,0.00656,0.00246,0.00738,0.00902,0.00164,0.00492,0.0615,0.0148,0.0123,0.0082,0.0459,0,0.0172,0.0197,0.0107,0.00656,0.0148,0.0213,0.0172,0.0271,0.00738,0.0082
Zdhhc15,0.0226,0.0219,0.0222,0.0184,0.0236,0.0263,0.048,0.01,0.0237,0.0237,0.00851,0.0479,0.0579,0.0562,0.083,0.0926,0.0944,0.0401,0.0682,0.0275,0.0389,0.0748,0.014,0.0293,0.00714,0.00654,0.0175,0.00654,0.0122,0.0122,0.0109,0.0038,0,0.00274,0,0.0146,0.000912,0.00866,0.00714,0.00623,0.0038,0.00213,0,0.00471,0,0,0.0269,0.0243,0.0105,0.0204,0.0195,0.0132,0.00471,0.00562,0.0144,0.0219,0.031,0.0181,0.00623,0.0035,0.0214,0.0079,0.00897,0,0.0149,0.00699,0.134,0.151,0.0389,0.38,0.0506,0,0.078,0.095,0.0648,0.0356,0.0965,0.203,0.279,0.0699,0.19,0.113,0.0489,0.0122,0.0178,0.0296,0.0266,0.0106,0.0942,0,0.0845,0.0169,0.0111,0.0234,0.0413,0,0.0202,0,0,0.0117,0,0.035,0,0.0274,0.0307,0.0103,0,0.0195,0.0228,0,0.0337,0.012,0,0,0,0.00654,0,0.0126,0.019,0.0354,0.0392,0.0147,0.0214,0.0038,0.0147,0.0266,0.0208,0.041,0.0245,0.0164,0.0283,0.00365,0.0149,0,0.0245,0.078,0.0307,0.0316,0.0319,0.0201,0.0207,0.01,0.00897,0.00502,0.00654,0,0,0.0251,0.0275,0.019,0.022,0.0251,0.0211,0.0144,0,0,0.0239,0.0271,0.0818,0,0,0.0921,0,0.0157,0.0362,0.0406,0,0.0418,0.0406,0.0921,0,0,0,0,0,0.000304,0,0,0.0173,0.0146,0,0.217,0.0947,0.0784,0.0523,0.047,0.0859,0.229,0.125,0.0719,0.104,0.0654,0.139,0.206,0.0882,0.216,0.27,0.145,0.0792,0.0375,0.135,0.159,0.0606,0.055,0.156,0.0654,0.107,0.16,0.147,0.127,0.165,0.135,0.0576,0.0921,0.0079,0.0079,0.0112,0.0112,0.00958,0.00714,0.00532,0.00882,0.00654,0.00228,0,0.0073,0.0079,0,0.00623,0,0.00441,0.0038,0.00988,0.00289,0.00547,0.0035,0.00775,0.00654,0.0185,0,0.00623,0.0675,0.0622,0.0234,0.0268,0.0166,0.0179,0.0213,0.0137,0.0207,0.0222,0.00912,0.00714,0.0465,0.00684,0.0041,0.00836,0.0166,0.00198,0.00471,0,0,0.00228,0,0
Zdhhc16,0.132,0.165,0.205,0.201,0.207,0.19,0.275,0.109,0.227,0.277,0.109,0.285,0.402,0.152,0.297,0.265,0.199,0.184,0.102,0.11,0.252,0.192,0.147,0.243,0.173,0.0906,0.126,0.115,0.0854,0.0973,0.0675,0.0518,0.575,0.186,0.101,0.156,0.0749,0.097,0.0822,0.0576,0.0653,0.0672,0.0579,0.0659,0.122,0.0899,0.124,0.115,0.107,0.119,0.184,0.0835,0.169,0.133,0.1,0.159,0.16,0.126,0.192,0.249,0.194,0.0749,0.0963,0.124,0.148,0.0762,0.174,0.203,0.135,0.252,0.126,0.131,0.232,0.0944,0.107,0.0176,0,0.172,0.157,0.127,0.126,0.14,0.0762,0.0714,0.0883,0.0752,0.0992,0.063,0.117,0,0.0838,0.0502,0.0387,0.0291,0.0717,0,0,0.0774,0.0598,0.023,0.113,0.185,0.32,0.0816,0.122,0.0925,0.129,0.0966,0.113,0.162,0.117,0.104,0.0861,0,0.268,0.124,0.0592,0.0627,0.103,0.0704,0.0838,0.125,0.0778,0.138,0.0947,0.0989,0.12,0.118,0.149,0.13,0.176,0.129,0.148,0.0678,0.146,0.232,0.156,0.278,0.111,0.14,0.144,0.109,0.148,0.073,0.0915,0.193,0.102,0.118,0.0976,0.107,0.0982,0.0934,0.138,0.144,0.0707,0.155,0.0317,0.0403,0.0486,0.228,0.302,0.137,0.287,0.294,0.136,0.15,0.183,0.0726,0.0803,0.0915,0,0.118,0.0467,0.0381,0.215,0.04,0.055,0.0864,0.0774,0.188,0.0938,0.575,0.348,0.149,0.195,0.206,0.264,0.357,0.498,0.44,0.684,0.568,0.62,0.663,0.35,0.724,0.335,0.323,0.188,0.223,0.335,0.493,0.481,0.328,0.464,0.195,0.229,0.291,0.603,0.74,0.745,0.492,0.64,0.8,0.165,0.0554,0.106,0.164,0.125,0.0598,0.0915,0.0752,0.168,0.024,0.0272,0.0851,0.0573,0.0291,0.0614,0.0426,0.0445,0.0538,0.0608,0.0352,0.0374,0.0666,0.0579,0.0506,0.161,0.128,0.174,0.369,0.327,0.0944,0.119,0.108,0.109,0.0979,0.101,0.205,0.228,0.122,0.0602,0.139,0.0371,0.0493,0.13,0.175,0.122,0.141,0.0499,0.0378,0.0566,0.0493,0.0496
Zdhhc17,0.383,0.326,0.533,0.582,0.432,0.513,0.734,0.406,0.353,0.362,0.229,0.669,1.09,0.357,0.36,0.64,0.537,0.347,0.427,0.393,0.596,0.646,0.337,0.673,0.11,0.111,0.29,0.213,0.24,0.25,0.169,0.0973,0.143,0.0672,0.0378,0.0266,0.0511,0.15,0.0749,0.174,0.126,0.0728,0.0287,0.0735,0.143,0.143,0.475,0.581,0.41,0.475,0.45,0.317,0.269,0.219,0.23,0.475,0.632,0.729,0.278,0.307,0.632,0.15,0.178,0.0525,0.162,0.159,0.678,0.956,1.12,1.75,0.525,0.391,0.308,0.687,0.596,0.141,0.476,0.895,1.06,0.552,0.813,0.917,0.365,0.235,0.281,0.309,0.441,0.251,0.163,0.238,0,0.108,0.0987,0.237,0.163,0.133,0.1,0.169,0.178,0.115,0.127,0.195,0.386,0.27,0.258,0.439,0.274,0.25,0.128,0.113,0.128,0.127,0.0854,0.0336,0.2,0.143,0.25,0.162,0.393,0.595,0.426,0.358,0.385,0.624,0.377,0.358,0.313,0.377,0.482,0.5,0.818,0.434,0.36,0.0721,0.116,0.962,0.874,0.778,0.593,0.624,0.367,0.218,0.256,0.22,0.37,0.319,0.391,0.512,0.64,0.817,0.714,0.675,0.599,0.314,0.197,0.308,0.244,0.293,0.661,1.27,0.9,1,0.571,0.608,0.913,0.978,1.73,0.938,0.8,0.727,0.5,0.706,0.139,0.132,0.333,0.0469,0.0308,0.104,0.171,0.18,0.227,0.643,0.785,0.297,0.323,0.278,0.5,0.71,0.567,0.745,0.846,0.79,0.827,1.18,1.63,1.31,1.6,0.857,0.375,0.296,0.467,0.784,0.461,0.848,0.936,1.1,0.965,1.03,0.89,0.833,0.8,0.755,0.841,0.704,0.141,0.169,0.254,0.245,0.311,0.386,0.259,0.33,0.289,0.0721,0.0182,0.0532,0.146,0.0434,0.0273,0.0343,0.0777,0.0658,0.118,0.07,0.105,0.104,0.108,0.0392,0.049,0.0854,0.07,0,0.0553,0.0518,0.0539,0.0539,0.0868,0.0595,0.0882,0.102,0.0581,0.0511,0.0287,0.128,0.0301,0.0385,0.0679,0.0882,0.0315,0.0399,0.0231,0.0217,0.0112,0.0098,0.0147
Zdhhc18,0.0544,0.0593,0.0363,0.128,0.105,0.104,0.2,0.0346,0.0832,0.0931,0.0404,0.157,0.228,0.111,0.131,0.162,0.119,0.126,0.124,0.114,0.115,0.222,0.0939,0.119,0.0297,0.0313,0.0956,0.0857,0.0709,0.0634,0.0428,0.0363,0,0.0214,0.00659,0.0132,0.0148,0.0115,0.0181,0.0346,0.0231,0.0148,0.0288,0.0354,0.0404,0.0717,0.133,0.0717,0.119,0.141,0.11,0.0808,0.0338,0.0453,0.0354,0.122,0.178,0.0964,0.0618,0.0486,0.0709,0.0313,0.0247,0.0173,0.0297,0.014,0.182,0.219,0.212,0.375,0.0997,0.13,0,0.125,0.191,0.0354,0.127,0.171,0.156,0.23,0.344,0.306,0.104,0.0618,0.0173,0.0519,0.0923,0.0206,0,0.0478,0.0832,0.0165,0.0165,0.0634,0.102,0,0,0.0618,0.0478,0.0346,0.028,0.0692,0.0906,0.19,0.0305,0.112,0.145,0.019,0.0981,0.0321,0.0387,0.0239,0.0288,0.033,0.0667,0.00659,0.0585,0.0247,0.0651,0.13,0.042,0.0222,0.0519,0.0989,0.13,0.0461,0.0453,0.0453,0.113,0.145,0.126,0.0643,0.0371,0.0363,0.72,0.212,0.22,0.179,0.146,0.168,0,0.129,0.0733,0.0577,0.0519,0.0849,0.0148,0.0676,0.109,0.223,0.137,0.0964,0.124,0.0569,0.042,0,0.0626,0.0799,0.258,0.182,0,0.227,0.428,0.246,0.25,0.331,0.728,0.288,0.32,0.0906,0.166,0.118,0.0231,0.0634,0.214,0.0206,0.00989,0.0676,0.0857,0.144,0.124,0.143,0.178,0.155,0.084,0.0923,0.195,0.194,0.196,0.539,0.124,0.162,0.159,0.28,0.109,0.173,0.267,0.393,0.0783,0.0923,0.133,0.834,0.197,0.826,1.21,1.19,0.825,1.05,0.709,1.82,2.06,1.96,1.68,1.11,0.0239,0.0272,0.0445,0.0354,0.0445,0.0338,0.0206,0.0231,0.0288,0.0527,0.00906,0.128,0.205,0.0437,0.00906,0.0255,0.0824,0.0651,0.0865,0.0544,0.0956,0.116,0.0519,0.0445,0.0379,0.0428,0.0478,0.0997,0.0552,0.0165,0.0173,0.0165,0.0247,0.0231,0.0354,0.143,0.0948,0.0321,0.0297,0.211,0.0198,0.0206,0.17,0.227,0.101,0.139,0.0181,0.00906,0.0148,0.0148,0.0115
Zdhhc19,0,0,0,0,0,0,0,0,0,0,0,0,0,0,0,0,0,0,0,0,0,0,0,0,0,0,0,0,0,0,0,0,0,0,0,0,0,0,0,0,0,0,0,0,0,0,0,0,0.00107,0,0,0,0,0,0,0,0,0,0,0,0,0,0,0,0,0,0,0,0,0,0,0,0,0,0,0,0,0,0,0,0,0.01,0,0,0,0,0,0,0,0,0,0,0,0,0,0,0,0,0,0,0,0,0,0,0,0,0,0,0,0,0,0,0,0,0,0,0,0,0,0,0,0,0,0,0,0,0,0,0,0,0,0,0,0,0,0,0,0,0.000648,0,0,0,0,0,0,0,0,0,0,0.0015,0,0,0,0,0,0,0,0,0,0,0,0,0,0,0,0,0,0,0,0,0,0,0,0,0,0,0,0,0,0,0,0,0,0,0,0,0,0,0,0,0,0,0,0,0,0,0,0,0,0,0,0,0,0,0,0,0,0,0,0,0,0,0,0,0,0,0,0,0,0.000196,0.000248,0.00072,0,0,0,0,0,0,0,0,0,0,0,0,0,0,0,0,0,0,0,0,0,0,0,0,0,0,0,0,0,0,0,0,0,0,0.000152,0,0.000704,0,0,0,0,0,0
Zdhhc20,0.181,0.254,0.276,0.344,0.31,0.321,0.402,0.198,0.246,0.324,0.24,0.503,0.427,0.365,0.589,0.322,0.379,0.419,0.269,0.407,0.499,0.463,0.343,0.445,0.129,0.126,0.211,0.175,0.167,0.193,0.198,0.095,0.142,0.108,0.113,0.141,0.0967,0.13,0.0746,0.103,0.084,0.0814,0.0814,0.0814,0.148,0.125,0.348,0.4,0.243,0.306,0.437,0.295,0.251,0.158,0.189,0.352,0.453,0.524,0.228,0.226,0.469,0.186,0.22,0.122,0.205,0.254,0.602,1.06,1.75,2.12,1.1,0.217,0.844,1.18,0.912,0.472,0.712,1.14,1.68,1.15,2.03,1.59,0.612,0.322,0.717,0.522,0.637,0.47,0.464,0.38,0.416,0.116,0.0873,0.381,0.427,0.133,0.0797,0.476,0.309,0.287,0.169,0.276,0.317,0.27,0.303,0.448,0.383,0.249,0.427,0.579,0.365,0.277,0.364,0.0331,0.199,0.149,0.132,0.287,0.662,0.962,0.706,0.546,0.412,0.744,0.217,0.396,0.406,0.483,0.4,0.531,0.635,0.309,0.404,0.0856,0.198,0.94,0.277,0.256,0.263,0.405,0.366,0.267,0.395,0.259,0.369,0.34,0.304,0.548,0.657,1,0.639,0.617,0.535,0.784,0.141,0.23,0.298,0.559,0.579,2.04,0.599,1.18,0.712,0.514,0.843,0.715,1.27,0.514,0.718,1.09,0.388,0.352,0.0229,0.0992,0.0831,0.0314,0.0441,0.104,0.17,0.251,0.199,0.712,0.756,0.624,0.515,0.47,0.617,0.676,1.05,0.779,0.494,0.531,0.437,0.674,0.39,0.625,1.06,0.463,0.0933,0.221,0.266,0.421,0.273,0.466,0.422,0.0967,0.21,0.21,0.34,0.374,0.41,0.377,0.454,0.522,0.226,0.338,0.187,0.169,0.179,0.973,0.766,1.64,1.58,0.397,0.162,0.149,0.228,0.0577,0.095,0.0551,0.0687,0.0823,0.101,0.0636,0.0644,0.0916,0.0941,0.0992,0.16,0.0848,0.0899,0.0331,0.386,0.131,0.169,0.14,0.158,0.131,0.161,0.265,0.211,0.146,0.0984,0.201,0.0873,0.0678,0.284,0.519,0.317,0.248,0.121,0.139,0.185,0.137,0.142
Zdhhc21,0.17,0.31,0.384,0.346,0.499,0.402,0.893,0.555,0.383,0.349,0.135,0.449,0.858,0.572,0.657,0.657,0.405,0.349,0.495,0.456,0.703,0.571,0.203,0.517,0.114,0.122,0.122,0.0895,0.107,0.12,0.105,0.0612,0,0.0459,0.0502,0.0568,0.0386,0.108,0.0466,0.0801,0.0779,0.0298,0.0189,0.0502,0.0866,0.107,0.481,0.623,0.365,0.401,0.347,0.245,0.306,0.23,0.221,0.468,0.78,0.547,0.13,0.219,0.578,0.173,0.187,0.141,0.059,0.2,0.67,1.3,1.21,1.56,0.376,0.348,0.462,0.219,0.532,0.193,0.429,0.601,1.03,0.668,1.02,0.639,0.29,0.178,0.246,0.253,0.342,0.262,0.233,0,0.417,0.067,0.0772,0.173,0.215,0.2,0.04,0.138,0.107,0.0808,0.0706,0.127,0.387,0.0808,0.167,0.368,0.146,0.154,0.0976,0.113,0.0888,0.0677,0.0641,0.133,0.067,0.0262,0.118,0.175,0.262,0.51,0.313,0.329,0.409,0.483,0.174,0.207,0.169,0.261,0.261,0.355,0.532,0.278,0.206,0.0495,0.159,1.19,0.846,0.678,0.536,0.704,0.327,0.139,0.301,0.24,0.28,0.447,0.392,0.328,0.38,0.786,0.482,0.505,0.553,0.415,0.113,0,0.252,0.534,0.646,0.865,1.2,1.05,1,0.863,1.22,1.24,1.82,0.702,0.44,0.455,0.167,0.294,0.14,0.194,0.298,0.0364,0.13,0.154,0.197,0.49,0.138,0.644,0.964,0.762,0.678,0.7,0.78,0.872,0.794,0.657,0.526,0.452,0.602,0.957,0.653,0.628,0.868,0.464,0.344,0.371,0.4,1.01,0.736,0.99,1.19,1.23,0.949,1.69,0.976,1.5,1.29,1.2,1.41,1.24,0.1,0.17,0.243,0.179,0.153,0.177,0.0874,0.137,0.117,0.17,0.0539,0.0437,0.0983,0.0582,0.04,0.04,0.0641,0.0575,0.105,0.0451,0.0779,0.0721,0.04,0.0553,0.0612,0.0641,0.0626,0.0335,0.245,0.0612,0.0743,0.0779,0.0713,0.0677,0.123,0.0815,0.124,0.048,0.0269,0.119,0.0167,0.024,0.0524,0.0844,0.048,0.0393,0.0226,0.0233,0.0204,0.0197,0.0116
Zdhhc22,0.0128,0.0148,0.00378,0,0.0212,0.0107,0.0155,0.0154,0.0101,0.0174,0.0138,0.00816,0,0,0,0.0278,0.0211,0.00156,0.0232,0.00216,0,0.00156,0,0.00642,0.0084,0.00396,0.00714,0.00474,0.00246,0.00258,0.00276,0.00396,0,0.00216,0,0,0,0,0,0,0,0,0,0,0,0,0.00306,0,0.00768,0.0132,0.0218,0.0322,0,0,0.022,0.0149,0.0254,0.0185,0.0701,0.0694,0.0423,0.0224,0.0184,0.0362,0.0456,0.0499,0.0854,0.0635,0.0397,0.0143,0.0259,0.0899,0,0,0.022,0,0,0.0197,0,0.0356,0.0807,0.0287,0.00714,0.00156,0,0.00672,0.00678,0.0108,0,0,0,0,0,0.0119,0.0211,0,0,0.0318,0.0492,0.0119,0,0,0.0235,0,0,0,0,0,0.00774,0.05,0,0.0492,0.0148,0,0,0,0.0152,0,0.0386,0.0155,0.0246,0.0226,0.0024,0.0196,0,0.0101,0.00426,0.00492,0.00414,0,0.0145,0.011,0.00762,0.0186,0.015,0.0795,0.0215,0.0442,0.00648,0,0,0,0.0078,0.00774,0.00672,0.044,0.015,0.0128,0.02,0.0107,0.00894,0,0.0036,0.0148,0,0,0,0,0.0167,0,0,0,0,0.0159,0.0164,0.0113,0,0.0107,0,0,0,0,0,0.00312,0,0.00294,0.0176,0,0,0,0,0,0.00966,0.0266,0.0133,0.016,0.035,0.133,0,0,0.0426,0.15,0.0935,0.017,0,0.0413,0.0689,0.0369,0.0323,0.0766,0,0.0811,0.124,0.0786,0.0928,0.0334,0,0,0.00366,0.0431,0.0574,0.0459,0.047,0.0157,0.00066,0,0,0,0,0,0,0,0.00054,0,0,0,0,0,0,0,0,0,0,0.00048,0,0.0012,0.00114,0.00048,0.0265,0,0,0,0,0,0,0,0,0,0,0,0,0,0,0,0,0.00168,0,0,0,0,0,0,0,0,0
Zdhhc23,0.00784,0.00346,0,0,0,0,0.00121,0,0,0.000432,0.00175,0.00827,0.03,0,0,0,0.00134,0.0048,0,0,0.0101,0.00474,0.00516,0.0065,0,0.000936,0.00121,0.00576,0,0.00132,0,0,0,0,0.0066,0.00108,0,0,0,0,0,0,0,0,0,0,0,0,0,0,0,0,0,0,0,0,0,0,0,0,0,0,0,0,0,0,0.00868,0,0,0,0,0,0,0,0,0,0,0,0,0,0,0,0,0,0,0,0,0.0055,0,0,0,0,0,0,0,0,0,0,0,0,0,0,0,0,0,0,0,0,0,0,0,0.00416,0,0,0,0,0,0,0,0,0,0,0,0.004,0,0,0,0,0,0,0,0,0,0,0,0,0,0,0.000948,0,0,0,0,0,0,0,0,0,0,0,0,0,0,0,0,0,0,0,0,0,0,0,0,0,0,0,0,0,0,0,0,0,0,0,0,0.000252,0,0,0,0,0,0,0,0,0,0,0,0,0,0,0,0,0,0,0,0,0,0,0,0,0,0,0,0,0,0,0,0,0,0,0.00389,0,0,0.00796,0,0,0,0,0,0,0,0,0,0,0,0.00253,0.00271,0,0,0,0,0,0,0,0,0,0,0,0.00128,0,0,0,0,0,0,0,0,0,0,0,0,0,0,0,0,0,0,0,0,0,0,0,0,0,0
Zdhhc24,0.0301,0.0435,0.0735,0.0732,0.0709,0.0653,0.0942,0.0548,0.064,0.0749,0.0337,0.0792,0.0288,0.0799,0.066,0.065,0.0566,0.0598,0.0339,0.041,0.126,0.0773,0.0584,0.0749,0.0225,0.0229,0.0197,0.0175,0.0202,0.021,0.027,0.00576,0,0.014,0.00627,0.0145,0.00448,0.0114,0.0108,0.00947,0.0102,0.00218,0.00973,0.00806,0.0163,0.0179,0.0594,0.0241,0.0403,0.0332,0.0639,0.0183,0.0453,0.0404,0.0502,0.0724,0.0741,0.0576,0.0311,0.0434,0.0778,0.0265,0.0134,0.0177,0.0296,0.0209,0.125,0.177,0.155,0.28,0.0755,0.0876,0,0.063,0.0214,0.0177,0.0799,0.144,0.185,0.162,0.189,0.224,0.0417,0.0173,0.0707,0.0294,0.0265,0.0316,0,0,0,0.00845,0.0276,0.0524,0.0308,0,0.0201,0.0155,0.0239,0,0.0142,0.0347,0.0458,0,0.0458,0.0822,0.0603,0.0193,0.00755,0.065,0.0168,0.036,0.0216,0,0.0672,0.00653,0.0148,0.0378,0.0376,0.0705,0.0449,0.0073,0.0237,0.0727,0.0292,0.0198,0.0166,0.0384,0.0404,0.0488,0.0774,0.0251,0.0296,0.00909,0.0389,0.155,0.103,0.106,0.0616,0.0598,0.0411,0.00998,0.0662,0.0177,0.0589,0.0429,0.0292,0.0435,0.0625,0.101,0.0655,0.0467,0.0594,0.0431,0.0284,0,0.0476,0.094,0.146,0.137,0.101,0.275,0.144,0.0929,0.144,0.121,0.275,0.0207,0.0403,0.0915,0,0,0,0.0152,0.036,0.00435,0.00346,0.0124,0.0516,0.0507,0,0.0719,0.32,0.149,0.052,0.0622,0.0426,0.162,0.0934,0.215,0.104,0.114,0.0936,0.0774,0.109,0.094,0,0.036,0.0315,0.0559,0,0.079,0.0259,0.0219,0,0.065,0.0177,0,0.0678,0.028,0.112,0.0448,0.0458,0.137,0.065,0.0872,0.139,0.136,0.0925,0.0621,0.042,0.0477,0.0664,0.0682,0,0.0413,0.0365,0.0146,0.00922,0.00397,0.0152,0.021,0.0315,0.0131,0.0141,0.0305,0.0219,0.0193,0.0257,0,0.0169,0,0.0186,0.0111,0.00883,0.0152,0.0259,0.0174,0.0319,0.0411,0.0367,0.0243,0.0129,0,0.00333,0.00333,0.0192,0.0412,0.0137,0.0141,0.0109,0.0032,0.00678,0.00832,0.00755
